﻿Designator,Footprint,Quantity,Value,LCSC Part #
"_24, _23, _22, _21, _20, _19, _18, _17, _16, _15, _14, _13, _12, _11, _10, _9, _8, _7, _6, _5, _4, _3, _2, ",,24,,
C1,C_Disc_D5.1mm_W3.2mm_P5.00mm,1,100 pF,
"C10, C2, C9",C_Disc_D5.1mm_W3.2mm_P5.00mm,3,0.001 uF,
"C11, C12, C20, C3, C4, C5, C7, C8",C_Disc_D5.1mm_W3.2mm_P5.00mm,8,0.1 uF,
"C13, C14, C25, C27",CP_Radial_D4.0mm_P1.50mm,4,10 uF,
"C15, C23, C26",CP_Radial_D14.0mm_P5.00mm,3,470 uF,
"C16, C19, C21",CP_Radial_D5.0mm_P2.00mm,3,1 uF,
C18,CP_Radial_D4.0mm_P1.50mm,1,4.7 uF,
C22,CP_Radial_D10.0mm_P5.00mm,1,220 uF,
C24,C_Disc_D5.1mm_W3.2mm_P5.00mm,1,0.047 uF,
C6,C_Disc_D5.1mm_W3.2mm_P5.00mm,1,0.01 uF,
D1,D_DO-35_SOD27_P7.62mm_Horizontal,1,D,
GND1,PinHeader_1x01_P2.00mm_Vertical,1,GND,
J2,PinHeader_1x02_P2.00mm_Vertical,1,Power,
J3,PinHeader_1x05_P2.00mm_Vertical,1,AREG,
J4,PinHeader_1x04_P2.00mm_Vertical,1,LFO,
"J5, J6",PinHeader_1x03_P2.00mm_Vertical,2,VCO,
J7,PinHeader_1x05_P2.00mm_Vertical,1,VCLPF,
J8,PinHeader_1x02_P2.00mm_Vertical,1,VCA,
J9,PinHeader_1x04_P2.00mm_Vertical,1,Amp,
"Q1, Q7, Q8, Q9",TO-92_Inline,4,2N5457,
Q10,TO-92_Inline,1,2N3906,
"Q2, Q3, Q4, Q5, Q6",TO-92_Inline,5,2N3904,
"R10, R19, R41",R_Axial_DIN0207_L6.3mm_D2.5mm_P10.16mm_Horizontal,3,470 K,
R11,R_Axial_DIN0207_L6.3mm_D2.5mm_P10.16mm_Horizontal,1,2 K,
"R12, R15, R17, R26, R32, R4, R52, R6, R61, R62, R9",R_Axial_DIN0207_L6.3mm_D2.5mm_P10.16mm_Horizontal,11,10 K,
"R14, R24, R25, R31, R44, R45, R47, R55, R58, R59, R60, R67",R_Axial_DIN0207_L6.3mm_D2.5mm_P10.16mm_Horizontal,12,100 K,
"R16, R30, R5",R_Axial_DIN0207_L6.3mm_D2.5mm_P10.16mm_Horizontal,3,2 M,
R18,R_Axial_DIN0207_L6.3mm_D2.5mm_P10.16mm_Horizontal,1,15 K,
R2,R_Axial_DIN0207_L6.3mm_D2.5mm_P10.16mm_Horizontal,1,75 K,
R21,R_Axial_DIN0207_L6.3mm_D2.5mm_P10.16mm_Horizontal,1,36 K,
"R22, R23, R37, R42",R_Axial_DIN0207_L6.3mm_D2.5mm_P10.16mm_Horizontal,4,4.7 K,
"R27, R36",R_Axial_DIN0207_L6.3mm_D2.5mm_P10.16mm_Horizontal,2,47 K,
R3,R_Axial_DIN0207_L6.3mm_D2.5mm_P10.16mm_Horizontal,1,270 K,
"R33, R35",R_Axial_DIN0207_L6.3mm_D2.5mm_P10.16mm_Horizontal,2,4.7 M,
R34,R_Axial_DIN0207_L6.3mm_D2.5mm_P10.16mm_Horizontal,1,3 M,
"R39, R40",R_Axial_DIN0207_L6.3mm_D2.5mm_P10.16mm_Horizontal,2,39 K,
"R46, R8",R_Axial_DIN0207_L6.3mm_D2.5mm_P10.16mm_Horizontal,2,1 M,
"R48, R65, R70",R_Axial_DIN0207_L6.3mm_D2.5mm_P10.16mm_Horizontal,3,3 K,
R50,R_Axial_DIN0207_L6.3mm_D2.5mm_P10.16mm_Horizontal,1,820 Ohm,
R54,R_Axial_DIN0207_L6.3mm_D2.5mm_P10.16mm_Horizontal,1,"4,7 K",
"R56, R68",R_Axial_DIN0207_L6.3mm_D2.5mm_P10.16mm_Horizontal,2,20 K,
R57,R_Axial_DIN0207_L6.3mm_D2.5mm_P10.16mm_Horizontal,1,200 Ohm,
"R63, R64",R_Axial_DIN0207_L6.3mm_D2.5mm_P10.16mm_Horizontal,2,150 K,
R69,R_Axial_DIN0207_L6.3mm_D2.5mm_P10.16mm_Horizontal,1,10 Ohm,
R7,R_Axial_DIN0207_L6.3mm_D2.5mm_P10.16mm_Horizontal,1,300 K,
"U1, U2",DIP-14_W7.62mm_Socket,2,LM324,
U3,DIP-8_W7.62mm_Socket,1,LM386,
X4,PinHeader_1x01_P2.00mm_Vertical,1,WNS,
